1,5400 Arnold Avenue Southwest,Washington
2,1400 Juniper Street Northwest,Washington
3,4800 Canal Road Northwest,Washington
4,2700 Unicorn Lane Northwest,Washington
5,4500 Q Place Northwest,Washington
6,Ridge Road Northwest,Washington
7,4500 Ohio Drive Southwest,Washington
8,0 H Street Northwest,Washington
9,1800 Upshur Street Northwest,Washington
10,1500 30th Street Northwest,Washington
11,1600 Tuckerman Street Northwest,Washington
12,8000 Poplar Hill Drive,Clinton
13,2100 Monticello Court,Fort Washington
14,0 Hesketh Street,Chevy Chase
15,8100 Roanoke Avenue,Takoma Park
16,8800 Walden Road,Silver Spring
17,8300 Colesville Road,Silver Spring
18,8900 Moreland Lane,Annandale
19,Thomas Avenue,Arlington
20,McClellan Drive,Arlington
21,3600 North Vernon Street,Arlington
22,6500 Park View Court,West Springfield
23,6500 Bellamine Court,McLean
24,8600 Brook Road,McLean
25,8200 Mockingbird Drive,Annandale
26,9400 Pamlico Lane,Great Falls
27,6200 Everglades Drive,Alexandria
28,2100 North Scott Street,Arlington
29,700 Carpenter Road,Alexandria
30,0 Auburn Court,Alexandria
31,1000 C Street Northeast,Washington
32,2600 13th Street Northwest,Washington
33,4400 E Street Southeast,Washington
34,1700 Independence Avenue Southeast,Washington
35,2100 1st Street Northwest,Washington
36,500 17th Street Northeast,Washington
37,3500 Toledo Terrace,Chillum
38,5300 Westport Road,Chevy Chase
39,Woodrow Wilson Memorial Bridge,Alexandria
40,6000 Rixey Drive,Alexandria
41,2000 Rosedale Street Northeast,Washington
42,4200 10th Street Northeast,Washington
43,900 Randolph Street Northwest,Washington
44,1200 New Jersey Avenue Southeast,Washington
45,0 L Place Northwest,Washington
46,1900 Anacostia Drive,Washington
47,0 S Street Northwest,Washington
48,3500 Commodore Joshua Barney Drive Northeast,Washington
49,2700 10th Street Northeast,Washington
50,5700 Chevy Chase Parkway Northwest,Washington
51,1300 Underwood Street Northwest,Washington
52,200 Quackenbos Street Northwest,Washington
53,600 Atlantic Street Southeast,Washington
54,3300 Clay Street Northeast,Washington
55,500 Q Street Northwest,Washington
56,Center Leg Freeway,Washington
57,600 Edgewood Street Northeast,Washington
58,3100 13th Street Northwest,Washington
59,2800 45th Street Northwest,Washington
60,3200 Dubois Place Southeast,Washington
61,1400 15th Street Northwest,Washington
62,1800 W Street Southeast,Washington
63,4400 40th Street,Brentwood
64,1800 Ontario Place Northwest,Washington
65,1900 15th Street Northwest,Washington
66,1400 K Street Northwest,Washington
67,900 Q Street Northwest,Washington
68,8800 Springfield Road,Laurel
69,12500 Farm Road,Upper Marlboro
70,3600 Anton Terrace,District Heights
71,5600 Somerset House II,Chevy Chase
72,4900 Hampden Lane,Bethesda
73,3300 Chillum Road,Mount Rainier
74,11100 Rodeo Court,Upper Marlboro
75,4900 Blackfoot Road,College Park
76,7300 16th Place,Hyattsville
77,3200 Donnell Drive,Forestville
78,5000 Roseld Court,Oxon Hill
79,2200 Washington Avenue,Silver Spring
80,3100 West Avenue,District Heights
81,1600 Nova Avenue,Capitol Heights
82,2000 South Eads Street,Arlington
83,500 Ethan Allen Avenue,Takoma Park
84,7700 Oxman Road,Hyattsville
85,100 Lakeside Drive,Greenbelt
86,9100 Fairview Road,Silver Spring
87,7600 Greenbrook Drive,Greenbelt
88,5000 Newport Avenue,Bethesda
89,10000 Oaklyn Drive,Potomac
90,11400 Macarthur Boulevard Northwest,Potomac
91,6400 Walhonding Road,Bethesda
92,3100 North Nelson Street,Arlington
93,6400 Vale Street,Alexandria
94,6300 8th Circle,Alexandria
95,1800 South Stafford Street,Arlington
96,7300 Beverly Street,Annandale
97,5500 Jowett Court,Alexandria
98,1600 13th Road South,Arlington
99,3800 Pinewood Terrace,Falls Church
100,1200 Oronoco Street,Alexandria
101,100 South Fayette Street,Alexandria
102,3700 South George Mason Drive,Falls Church
103,600 South Ball Street,Arlington
104,2500 Jackson Parkway,Vienna
105,Dwight D. Eisenhower Southwest Freeway,Washington
106,5800 Cameron Run Terrace,Alexandria
107,4000 Ellicott Street,Alexandria
108,100 57th Place Southeast,Washington
109,7200 Wesley Road,Springfield
110,800 West Braddock Road,Alexandria
111,Perimeter East Road Southwest,Washington
112,Willow Street Southeast,Washington
113,400 50th Street Southeast,Washington
114,5300 Call Place Southeast,Washington
115,4700 B Street Southeast,Washington
116,100 Jefferson Street Northwest,Washington
117,4800 Illinois Avenue Northwest,Washington
118,100 Emerson Street Northwest,Washington
119,200 10th Street Southeast,Washington
120,300 Varnum Street Northwest,Washington
121,0 T Street Southwest,Washington
122,100 E Street Southeast,Washington
123,600 Independence Avenue Southeast,Washington
124,1400 4th Street Southwest,Washington
125,1600 D Street Southeast,Washington
126,2300 Hartford Street Southeast,Washington
127,1300 E Street Northeast,Washington
128,3500 19th Street Southeast,Washington
129,800 51st Street Northeast,Washington
130,3800 22nd Street Northeast,Washington
131,200 Taylor Street Northeast,Washington
132,1600 Buchanan Street Northeast,Washington
133,200 Oneida Street Northeast,Washington
134,1400 Allison Street Northwest,Washington
135,Scale Gate Road Northeast,Washington
136,700 Taylor Street Northwest,Washington
137,1700 Willard Street Northwest,Washington
138,500 8th Street Southeast,Washington
139,1400 Southeast Boulevard,Washington
140,400 14th Street Southeast,Washington
141,600 Nicholson Street Northeast,Washington
142,100 Ingraham Street Northeast,Washington
143,800 Delafield Street Northeast,Washington
144,1700 19th Street Northwest,Washington
145,1100 Varney Street Southeast,Washington
146,3800 8th Street Southeast,Washington
147,3400 17th Street Northwest,Washington
148,1400 Ogden Street Northwest,Washington
149,1400 Irving Street Northwest,Washington
150,1200 13th Street Northwest,Washington
151,100 3rd Street Northeast,Washington
152,600 Acker Place Northeast,Washington
153,900 10th Street Northeast,Washington
154,200 M Street Northeast,Washington
155,100 T Street Northeast,Washington
156,100 13th Street Northeast,Washington
157,300 U Street Northeast,Washington
158,300 Burbank Street Southeast,Washington
159,1100 45th Place Southeast,Washington
160,500 42nd Street Northeast,Washington
161,4900 Eads Place Northeast,Washington
162,800 Washburn Arts Center,Northeast Washington
163,1300 Mount Olivet Road Northeast,Washington
164,1700 Lang Place Northeast,Washington
165,800 21st Street Northeast,Washington
166,1300 Orren Street Northeast,Washington
167,4100 1st Street Southeast,Washington
168,1800 E Street Northeast,Washington
169,Meadow Road Northeast,Washington
170,900 Brentwood Road Northeast,Washington
171,4200 4th Street Southeast,Washington
172,700 55th Street Northeast,Washington
173,4500 45th Street Northwest,Washington
174,Massachusetts-39th Trail,Washington
175,2100 Lincoln Road Northeast,Washington
176,4800 Meade Street Northeast,Washington
177,6000 Clay Street Northeast,Washington
178,3100 Chancellor's Way Northeast,Washington
179,1500 Kearny Street Northeast,Washington
180,5100 39th Street Northwest,Washington
181,400 Butternut Street Northwest,Washington
182,3600 Alton Place Northwest,Washington
183,3300 6th Street Southeast,Washington
184,700 Fern Place Northwest,Washington
185,700 Quackenbos Street Northwest,Washington
186,20001,Washington
187,1600 13th Street Northwest,Washington
188,4200 Martin Luther King Junior Avenue Southwest,Washington
189,100 Wilmington Place Southeast,Washington
190,900 M Street Northwest,Washington
191,1300 Gallatin Street Northwest,Washington
192,5400 8th Street Northwest,Washington
193,3500 13th Street Northwest,Washington
194,700 Lamont Street Northwest,Washington
195,500 Lamont Street Northwest,Washington
196,2400 5th Street Northwest,Washington
197,2400 Sherman Avenue Northwest,Washington
198,0 Peluca Alley,Washington
199,1700 Kalorama Road Northwest,Washington
200,2400 20th Street Northwest,Washington
201,1800 California Street Northwest,Washington
202,1300 Talbert Terrace Southeast,Washington
203,1100 Connecticut Avenue Northwest,Washington
204,Rafik B. Hariri Building,Washington
205,4000 Highwood Court Northwest,Washington
206,0 Observatory Circle Northwest,Washington
207,4300 Ivymount Court,Annandale
208,2800 Cathedral Avenue Northwest,Washington
209,1200 U Street Northwest,Washington
210,1400 1st Street Northwest,Washington
211,1200 5th Street Northwest,Washington
212,800 Howard Road Southeast,Washington
213,2000 Savannah Terrace Southeast,Washington
214,3200 Highland Place Northwest,Washington
215,3800 Klingle Place Northwest,Washington
216,2600 39th Street Northwest,Washington
217,1500 Tobias Drive Southeast,Washington
218,1700 Kenyon Street Northwest,Washington
219,Groff Court Northeast,Washington
220,1400 Mississippi Avenue Southeast,Washington
221,1400 18th Place Southeast,Washington
222,900 26th Street Northwest,Washington
223,400 3rd Street Northwest,Washington
224,2400 Wagner Street Southeast,Washington
225,2200 Chester Street Southeast,Washington
226,2800 Upton Street Northwest,Washington
227,2500 Pomeroy Road Southeast,Washington
228,1200 24th Street Northwest,Washington
229,3900 Clay Place Northeast,Washington
230,0 Olmsted Walk,Washington
231,4300 Russell Avenue,Mount Rainier
232,5100 Rockwood Parkway Northwest,Washington
233,600 10th Street Northeast,Washington
234,0 Discovery Communications,Downtown Silver Spring
235,600 Anacostia Avenue Northeast,Washington
236,0 Cleveland Avenue,Takoma Park
237,1400 Montague Street Northwest,Washington
238,3100 Erie Street Southeast,Washington
239,5400 30th Street Northwest,Washington
240,1500 17th Street Northwest,Washington
241,3900 Massachusetts Avenue Southeast,Washington
242,5400 Duvall Drive,Bethesda
243,1400 Anacostia Avenue Northeast,Washington
244,1300 South Hayes Street,Arlington
245,3300 M Street Northwest,Washington
246,Anacostia Riverwalk Trail,Washington
247,5700 Marlboro Pike,District Heights
248,2300 California Street Northwest,Washington
249,3400 N Street Southeast,Washington
250,3000 Oxon Park Street,Temple Hills
251,2900 Park Drive Southeast,Washington
252,1900 23rd Street Southeast,Washington
253,7200 Arrowhead Drive,Upper Marlboro
254,7700 Greentree Road,Bethesda
255,4800 Del Ray Avenue,Bethesda
256,6900 Arlington Road,Bethesda
257,7700 Wisconsin Avenue,Bethesda
258,8700 Dangerfield Place,Clinton
259,6600 Peaceful Street,Clinton
260,1900 Addison Road South,District Heights
261,8400 Temple Hill Road,Temple Hills
262,6900 Ames Street,Morningside
263,1600 Tucker Road,Fort Washington
264,4200 Wandering Court,Temple Hills
265,1800 Metzerott Road,Adelphi
266,3300 Gumwood Drive,Hyattsville
267,3900 Old Silver Hill Road,Suitland-Silver Hill
268,6300 Rosecroft Drive,Fort Washington
269,8300 Greensboro Drive,McLean
270,5700 Mansfield Drive,Temple Hills
271,4900 Essex Avenue,Chevy Chase
272,9500 Elvis Lane,Goddard
273,6800 Asset Drive,13
274,2500 Campus Way North,Bowie
275,6200 Surrey Square Lane,District Heights
276,6000 Kirby Road,Clinton
277,4300 Brookview Terrace,Fort Washington
278,4100 31st Street,Mount Rainier
279,8800 Colonel Seward Drive,Fort Washington
280,5100 Cranmer Way,Capitol Heights
281,1600 Brightseat Road,Hyattsville
282,6200 Springhill Court,Greenbelt
283,5900 Cherrywood Lane,Greenbelt
284,4700 Annapolis Road,Bladensburg
285,8000 New Hampshire Avenue,Hyattsville
286,2400 University Boulevard East,Adelphi
287,8100 15th Avenue,Hyattsville
288,4500 Harvest Road,Camp Springs
289,1400 Farmingdale Avenue,Capitol Heights
290,6000 Sargent Road,Chillum
291,5800 31st Place,Hyattsville
292,8400 Carrollton Parkway,New Carrollton
293,Baltimore-Washington Parkway,Bladensburg
294,5600 64th Avenue,East Riverdale
295,4000 Carozza Court,Temple Hills
296,1700 Ritchie Road,District Heights
297,8200 Waterside Court,Fort Washington
298,6400 61st Place,East Riverdale
299,2400 Rosecroft Court,Oxon Hill
300,3800 Matthews Drive,Temple Hills
301,4900 40th Place,Hyattsville
302,Unnamed Road,College Park
303,100 Onondaga Drive,Oxon Hill
304,1800 South Club Drive,Greater Landover
305,2800 Crest Avenue,Hyattsville
306,3800 Kearney Road,Brentwood
307,4600 Greenline Court,Camp Springs
308,3500 Riviera Street,Temple Hills
309,5800 Emack Avenue,Lanham
310,3800 Forestville Road,District Heights
311,1100 Valley Drive,College Park
312,4200 Suitland Road,Suitland-Silver Hill
313,3900 Livingston Street,Hyattsville
314,4900 Abbott Drive,Marlow Heights
315,2400 Brooks Drive,Suitland-Silver Hill
316,6200 20th Avenue,Hyattsville
317,700 Somerset Place,Hyattsville
318,6700 Red Top Road,Hyattsville
319,1900 Laguna Road,Hyattsville
320,2000 Amherst Road,Hyattsville
321,4200 Van Buren Street,University Park
322,4900 Nicholson Street,Riverdale Park
323,Cabiglas Street,Joint Base Andrews
324,3100 Bolivia Court,Fort Washington
325,8500 Pepco Place,Upper Marlboro
326,4900 46th Avenue,Hyattsville
327,1000 Stratwood Avenue,Oxon Hill
328,1700 Tucker Road,Fort Washington
329,1300 Fenwood Avenue,Oxon Hill
330,8600 Lancaster Drive,Bethesda
331,2100 Jameson Street,Temple Hills
332,Perrie Lane,Camp Springs
333,2000 Hayden Road,Hyattsville
334,5900 Fisher Road,Temple Hills
335,1500 Southview Drive,Oxon Hill
336,2700 Keating Street,Hillcrest Heights
337,2500 Eliot Place,Temple Hills
338,3400 Randall Road,Suitland-Silver Hill
339,2700 Phelps Avenue,District Heights
340,5900 Beech Avenue,Bethesda
341,8600 Irvington Avenue,Bethesda
342,6600 Halleck Street,District Heights
343,3900 Billings Place,Capitol Heights
344,5400 Moorland Lane,Bethesda
345,8800 Brierly Road,Chevy Chase
346,7200 Millwood Court,Bethesda
347,7300 Brennon Lane,Chevy Chase
348,6900 Ridgewood Avenue,Chevy Chase
349,1000 Glacier Avenue,Capitol Heights
350,600 Larchmont Avenue,Capitol Heights
351,7000 Crail Drive,Bethesda
352,5800 Folgate Court,Capitol Heights
353,7500 Wildwood Drive,Takoma Park
354,200 West Mill Avenue,Capitol Heights
355,900 Browning Avenue,Silver Spring
356,0 Montgomery Avenue,Takoma Park
357,5900 J Street,Fairmount Heights
358,1000 Carrington Avenue,Capitol Heights
359,2400 Pinebrook Avenue,Hyattsville
360,7700 Burnside Road,Hyattsville
361,Park Central Road,Greenbelt
362,800 Gregorio Drive,Silver Spring
363,9600 Newbridge Drive,Potomac
364,8500 Glenville Road,Takoma Park
365,9200 Whitney Street,Silver Spring
366,600 Thayer Avenue,Silver Spring
367,100 Melbourne Avenue,Silver Spring
368,600 Ritchie Avenue,Silver Spring
369,2400 Lyttonsville Place,Silver Spring
370,2000 Linden Lane,Silver Spring
371,600 Cappy Avenue,Capitol Heights
372,4200 73rd Avenue,Hyattsville
373,Lanham-Seabrook,Goddard
374,Cobe Road,Goddard
375,8600 Cunningham Drive,Berwyn Heights
376,8500 Burning Tree Road,Bethesda
377,4700 River Road,Riverdale Park
378,5600 Newington Road,Bethesda
379,4900 Americana Drive,Annandale
380,Glenarden Apartment,Glenarden
381,3100 Pennsy Drive,Greater Landover
382,9500 Lottsford Road,Upper Marlboro
383,400 Warfield Drive,Hyattsville
384,9000 Byard Court,Springdale
385,Harrison Lane,Hyattsville
386,6300 Barrs Lane,Lanham
387,9200 Crandall Road,Lanham
388,7600 Vicar Street,New Carrollton
389,7700 Emerson Road,Hyattsville
390,7500 Finns Lane,2
391,4800 Trenton Road,Hyattsville
392,6800 Furman Parkway,Woodlawn
393,6000 Addison Road,Capitol Heights
394,8600 22nd Avenue,Hyattsville
395,3800 10th Street North,Arlington
396,5000 55th Avenue,Hyattsville
397,4300 58th Avenue,Bladensburg
398,1200 North Stuart Street,Arlington
399,3000 Hillside Avenue,Cheverly
400,6700 Darby Road,Hyattsville
401,1500 28th Street South,Arlington
402,2600 North Sycamore Street,Arlington
403,1800 North Randolph Street,Arlington
404,2100 North Edison Street,Arlington
405,2100 North Kentucky Street,Arlington
406,6000 9th Street North,Arlington
407,500 North Piedmont Street,Arlington
408,1800 North Harvard Street,Arlington
409,300 Riley Street,Falls Church
410,1800 North Quesada Street,Arlington
411,200 Midvale Street,Falls Church
412,600 Jackson Street,Falls Church
413,2300 2nd Street South,Arlington
414,400 South Fairfax Street,Alexandria
415,3700 Camelot Drive,Annandale
416,2900 Woodlawn Avenue,Falls Church
417,500 Princess Street,Alexandria
418,2900 Landover Street,Alexandria
419,3400 Lake Street,Bailey's Crossroads
420,7300 Gordons Road,Falls Church
421,3400 Blair Road,Falls Church
422,Westbranch Drive,Tysons
423,500 Triadelphia Way,Alexandria
424,5900 Mount Eagle Drive,Alexandria
425,2300 Senseney Lane,Falls Church
426,Mohegan Drive,Falls Church
427,6000 Nassau Drive,West Springfield
428,5500 16th Street North,Arlington
429,800 North Abingdon Street,Arlington
430,600 North Harrison Street,Arlington
431,1800 North Ode Street,Arlington
432,4200 2nd Road North,Arlington
433,4400 South Pershing Court,Arlington
434,500 North Thomas Street,Arlington
435,800 South Randolph Street,Arlington
436,1300 North Oak Street,Arlington
437,1600 North Queen Street,Arlington
438,5000 12th Street South,Arlington
439,4200 13th Street South,Arlington
440,700 22nd Street South,Arlington
441,2200 12th Court North,Arlington
442,2000 Key Boulevard,Arlington
443,2800 11th Street North,Arlington
444,1500 South Eads Street,Arlington
445,4300 29th Street South,Arlington
446,6600 Rock Island Road,Springfield
447,5400 Charlottesville Road,Springfield
448,4800 Dodson Drive,Annandale
449,Wendell Howard Road,Falls Church
450,7100 Oak Ridge Road,Falls Church
451,3300 Fallowfield Drive,Falls Church
452,3800 Dade Drive,Annandale
453,3700 MacGregor Court,Annandale
454,3400 Monarch Lane,Annandale
455,6000 Brook Drive,Falls Church
456,3300 Garland Drive,Falls Church
457,8100 Heatherton Lane,Vienna
458,4800 Eisenhower Avenue,Alexandria
459,2300 Fairview Terrace,Alexandria
460,3400 South Utah Street,Arlington
461,Archstone Way,Franconia
462,Dolley Madison Boulevard,Tysons
463,1900 Kennedy Drive,Tysons
464,2500 Buckelew Drive,Falls Church
465,6100 Mc Lendon Court,Alexandria
466,5500 Brookland Road,Alexandria
467,Franconia-Springfield Parkway,Alexandria
468,6000 Woodlake Lane,Alexandria
469,3400 Austin Court,Alexandria
470,300 North Kenmore Street,Arlington
471,5700 4th Street South,Arlington
472,0 8th Street South,Arlington
473,3700 16th Street South,Arlington
474,3300 Groveton Street,Alexandria
475,5000 8th Road South,Arlington
476,Four Mile Run Trail,Arlington
477,6800 Churchill Road,McLean
478,6800 Custis Parkway,Falls Church
479,2200 Shirlington Road,Arlington
480,1400 South Barton Street,Arlington
481,2800 South Buchanan Street,Arlington
482,1000 Hardee Place,Alexandria
483,2100 Haycock Road,Falls Church
484,3900 Mount Vernon Avenue,Alexandria
485,5500 Seminary Road,Falls Church
486,7600 Wood Mist Lane,Falls Church
487,300 East Mount Ida Avenue,Alexandria
488,1200 Key Drive,Alexandria
489,1200 Quaker Hill Drive,Alexandria
490,3100 Holmes Run Road,Falls Church
491,6800 Donahue Court,Falls Church
492,0 East Mason Avenue,Alexandria
493,3300 Rose Lane,Falls Church
494,5800 Aspen Wood Court,McLean
495,2200 Emmett Drive,Alexandria
496,4000 Thornton Street,Annandale
497,400 Commonwealth Avenue,Alexandria
498,200 South Reynolds Street,Alexandria
499,200 Yoakum Parkway,Alexandria
500,2000 Eisenhower Avenue,Alexandria
501,4900 Brenman Park Drive,Alexandria
502,800 South Payne Street,Alexandria
503,3300 Old Dominion Boulevard,Alexandria
504,1200 Mount Vernon Trail,Alexandria
505,6500 Ashlawn Court,Springfield
506,4600 Upland Drive,Alexandria
507,6100 Bayliss Place,Alexandria
508,2200 Journet Drive,Dunn Loring
509,2900 Bridgehampton Court,Falls Church
510,1900 Byrd Road,Vienna
511,6100 Willston Drive,Seven Corners
512,4600 19th Road North,Arlington
513,1100 South Arlington Ridge Road,Arlington
514,5200 Yorktown Boulevard,Arlington
515,1400 North Taft Street,Arlington
516,2700 South Ives Street,Arlington
517,5000 Domain Place,Alexandria
518,4200 Vacation Lane,Arlington
519,6500 Haystack Road,Alexandria
520,6400 Lily Dhu Lane,Falls Church
521,7300 Hooking Road,McLean
522,3100 Juniper Lane,Falls Church
523,4300 Roberts Avenue,Annandale
524,4500 Weyburn Drive,Annandale
525,5400 Backlick Woods Court,Springfield
526,4100 Wilson Boulevard,Arlington
527,6200 Blossom Lane,Alexandria
528,5400 Summer Leaf Lane,Alexandria
529,5800 Oakview Gardens Drive,Bailey's Crossroads
530,6900 Trillium Lane,West Springfield
531,Morven Lane,Alexandria
532,6700 Rosewood Street,Annandale
533,1600 Davidson Road,McLean
534,2100 Greenwich Street,Falls Church
535,7600 Long Pine Drive,Springfield
536,6000 Backlick Road,Springfield
537,1000 Colonial Farm Road,McLean
538,300 South Whiting Street,Alexandria
539,8600 Westwood Center Drive,Vienna
540,6600 Hazel Lane,McLean
541,2500 Washington Boulevard,Arlington
542,1300 Potomac School Road,McLean
543,3000 Eisenhower Avenue,Alexandria
544,5400 Inverchapel Road,Springfield
545,1900 Storm Drive,Falls Church
546,Moore Lane,Arlington
547,600 North Owen Street,Alexandria
548,1600 Preston Road,Alexandria
549,300 North Van Dorn Street,Alexandria
550,4300 Raleigh Avenue,Alexandria
551,4700 Kenmore Avenue,Alexandria
552,5700 Reading Avenue,Alexandria
553,4900 Seminary Road,Alexandria
554,1300 North Beauregard Street,Alexandria
555,5900 Atteentee Road,Springfield
556,7800 Montvale Way,McLean
557,8400 Fenwood Drive,West Springfield
558,4000 Wheeler Avenue,Alexandria
